,Survived,Pclass,Age,SibSp,Parch,Fare,Male,Embarked_S,Embarked_C,Embarked_Q
0,0,3,22.0,1,0,7.25,1,1,0,0
1,1,1,38.0,1,0,71.2833,0,0,1,0
2,1,3,26.0,0,0,7.925,0,1,0,0
3,1,1,35.0,1,0,53.1,0,1,0,0
4,0,3,35.0,0,0,8.05,1,1,0,0
5,0,3,,0,0,8.4583,1,0,0,1
6,0,1,54.0,0,0,51.8625,1,1,0,0
7,0,3,2.0,3,1,21.075,1,1,0,0
8,1,3,27.0,0,2,11.1333,0,1,0,0
9,1,2,14.0,1,0,30.0708,0,0,1,0
10,1,3,4.0,1,1,16.7,0,1,0,0
11,1,1,58.0,0,0,26.55,0,1,0,0
12,0,3,20.0,0,0,8.05,1,1,0,0
13,0,3,39.0,1,5,31.275,1,1,0,0
14,0,3,14.0,0,0,7.8542,0,1,0,0
15,1,2,55.0,0,0,16.0,0,1,0,0
16,0,3,2.0,4,1,29.125,1,0,0,1
17,1,2,,0,0,13.0,1,1,0,0
18,0,3,31.0,1,0,18.0,0,1,0,0
19,1,3,,0,0,7.225,0,0,1,0
20,0,2,35.0,0,0,26.0,1,1,0,0
21,1,2,34.0,0,0,13.0,1,1,0,0
22,1,3,15.0,0,0,8.0292,0,0,0,1
23,1,1,28.0,0,0,35.5,1,1,0,0
24,0,3,8.0,3,1,21.075,0,1,0,0
25,1,3,38.0,1,5,31.3875,0,1,0,0
26,0,3,,0,0,7.225,1,0,1,0
27,0,1,19.0,3,2,263.0,1,1,0,0
28,1,3,,0,0,7.8792,0,0,0,1
29,0,3,,0,0,7.8958,1,1,0,0
30,0,1,40.0,0,0,27.7208,1,0,1,0
31,1,1,,1,0,146.5208,0,0,1,0
32,1,3,,0,0,7.75,0,0,0,1
33,0,2,66.0,0,0,10.5,1,1,0,0
34,0,1,28.0,1,0,82.1708,1,0,1,0
35,0,1,42.0,1,0,52.0,1,1,0,0
36,1,3,,0,0,7.2292,1,0,1,0
37,0,3,21.0,0,0,8.05,1,1,0,0
38,0,3,18.0,2,0,18.0,0,1,0,0
39,1,3,14.0,1,0,11.2417,0,0,1,0
40,0,3,40.0,1,0,9.475,0,1,0,0
41,0,2,27.0,1,0,21.0,0,1,0,0
42,0,3,,0,0,7.8958,1,0,1,0
43,1,2,3.0,1,2,41.5792,0,0,1,0
44,1,3,19.0,0,0,7.8792,0,0,0,1
45,0,3,,0,0,8.05,1,1,0,0
46,0,3,,1,0,15.5,1,0,0,1
47,1,3,,0,0,7.75,0,0,0,1
48,0,3,,2,0,21.6792,1,0,1,0
49,0,3,18.0,1,0,17.8,0,1,0,0
50,0,3,7.0,4,1,39.6875,1,1,0,0
51,0,3,21.0,0,0,7.8,1,1,0,0
52,1,1,49.0,1,0,76.7292,0,0,1,0
53,1,2,29.0,1,0,26.0,0,1,0,0
54,0,1,65.0,0,1,61.9792,1,0,1,0
55,1,1,,0,0,35.5,1,1,0,0
56,1,2,21.0,0,0,10.5,0,1,0,0
57,0,3,28.5,0,0,7.2292,1,0,1,0
58,1,2,5.0,1,2,27.75,0,1,0,0
59,0,3,11.0,5,2,46.9,1,1,0,0
60,0,3,22.0,0,0,7.2292,1,0,1,0
61,1,1,38.0,0,0,80.0,0,1,0,0
62,0,1,45.0,1,0,83.475,1,1,0,0
63,0,3,4.0,3,2,27.9,1,1,0,0
64,0,1,,0,0,27.7208,1,0,1,0
65,1,3,,1,1,15.2458,1,0,1,0
66,1,2,29.0,0,0,10.5,0,1,0,0
67,0,3,19.0,0,0,8.1583,1,1,0,0
68,1,3,17.0,4,2,7.925,0,1,0,0
69,0,3,26.0,2,0,8.6625,1,1,0,0
70,0,2,32.0,0,0,10.5,1,1,0,0
71,0,3,16.0,5,2,46.9,0,1,0,0
72,0,2,21.0,0,0,73.5,1,1,0,0
73,0,3,26.0,1,0,14.4542,1,0,1,0
74,1,3,32.0,0,0,56.4958,1,1,0,0
75,0,3,25.0,0,0,7.65,1,1,0,0
76,0,3,,0,0,7.8958,1,1,0,0
77,0,3,,0,0,8.05,1,1,0,0
78,1,2,0.83,0,2,29.0,1,1,0,0
79,1,3,30.0,0,0,12.475,0,1,0,0
80,0,3,22.0,0,0,9.0,1,1,0,0
81,1,3,29.0,0,0,9.5,1,1,0,0
82,1,3,,0,0,7.7875,0,0,0,1
83,0,1,28.0,0,0,47.1,1,1,0,0
84,1,2,17.0,0,0,10.5,0,1,0,0
85,1,3,33.0,3,0,15.85,0,1,0,0
86,0,3,16.0,1,3,34.375,1,1,0,0
87,0,3,,0,0,8.05,1,1,0,0
88,1,1,23.0,3,2,263.0,0,1,0,0
89,0,3,24.0,0,0,8.05,1,1,0,0
90,0,3,29.0,0,0,8.05,1,1,0,0
91,0,3,20.0,0,0,7.8542,1,1,0,0
92,0,1,46.0,1,0,61.175,1,1,0,0
93,0,3,26.0,1,2,20.575,1,1,0,0
94,0,3,59.0,0,0,7.25,1,1,0,0
95,0,3,,0,0,8.05,1,1,0,0
96,0,1,71.0,0,0,34.6542,1,0,1,0
97,1,1,23.0,0,1,63.3583,1,0,1,0
98,1,2,34.0,0,1,23.0,0,1,0,0
99,0,2,34.0,1,0,26.0,1,1,0,0
100,0,3,28.0,0,0,7.8958,0,1,0,0
101,0,3,,0,0,7.8958,1,1,0,0
102,0,1,21.0,0,1,77.2875,1,1,0,0
103,0,3,33.0,0,0,8.6542,1,1,0,0
104,0,3,37.0,2,0,7.925,1,1,0,0
105,0,3,28.0,0,0,7.8958,1,1,0,0
106,1,3,21.0,0,0,7.65,0,1,0,0
107,1,3,,0,0,7.775,1,1,0,0
108,0,3,38.0,0,0,7.8958,1,1,0,0
109,1,3,,1,0,24.15,0,0,0,1
110,0,1,47.0,0,0,52.0,1,1,0,0
111,0,3,14.5,1,0,14.4542,0,0,1,0
112,0,3,22.0,0,0,8.05,1,1,0,0
113,0,3,20.0,1,0,9.825,0,1,0,0
114,0,3,17.0,0,0,14.4583,0,0,1,0
115,0,3,21.0,0,0,7.925,1,1,0,0
116,0,3,70.5,0,0,7.75,1,0,0,1
117,0,2,29.0,1,0,21.0,1,1,0,0
118,0,1,24.0,0,1,247.5208,1,0,1,0
119,0,3,2.0,4,2,31.275,0,1,0,0
120,0,2,21.0,2,0,73.5,1,1,0,0
121,0,3,,0,0,8.05,1,1,0,0
122,0,2,32.5,1,0,30.0708,1,0,1,0
123,1,2,32.5,0,0,13.0,0,1,0,0
124,0,1,54.0,0,1,77.2875,1,1,0,0
125,1,3,12.0,1,0,11.2417,1,0,1,0
126,0,3,,0,0,7.75,1,0,0,1
127,1,3,24.0,0,0,7.1417,1,1,0,0
128,1,3,,1,1,22.3583,0,0,1,0
129,0,3,45.0,0,0,6.975,1,1,0,0
130,0,3,33.0,0,0,7.8958,1,0,1,0
131,0,3,20.0,0,0,7.05,1,1,0,0
132,0,3,47.0,1,0,14.5,0,1,0,0
133,1,2,29.0,1,0,26.0,0,1,0,0
134,0,2,25.0,0,0,13.0,1,1,0,0
135,0,2,23.0,0,0,15.0458,1,0,1,0
136,1,1,19.0,0,2,26.2833,0,1,0,0
137,0,1,37.0,1,0,53.1,1,1,0,0
138,0,3,16.0,0,0,9.2167,1,1,0,0
139,0,1,24.0,0,0,79.2,1,0,1,0
140,0,3,,0,2,15.2458,0,0,1,0
141,1,3,22.0,0,0,7.75,0,1,0,0
142,1,3,24.0,1,0,15.85,0,1,0,0
143,0,3,19.0,0,0,6.75,1,0,0,1
144,0,2,18.0,0,0,11.5,1,1,0,0
145,0,2,19.0,1,1,36.75,1,1,0,0
146,1,3,27.0,0,0,7.7958,1,1,0,0
147,0,3,9.0,2,2,34.375,0,1,0,0
148,0,2,36.5,0,2,26.0,1,1,0,0
149,0,2,42.0,0,0,13.0,1,1,0,0
150,0,2,51.0,0,0,12.525,1,1,0,0
151,1,1,22.0,1,0,66.6,0,1,0,0
152,0,3,55.5,0,0,8.05,1,1,0,0
153,0,3,40.5,0,2,14.5,1,1,0,0
154,0,3,,0,0,7.3125,1,1,0,0
155,0,1,51.0,0,1,61.3792,1,0,1,0
156,1,3,16.0,0,0,7.7333,0,0,0,1
157,0,3,30.0,0,0,8.05,1,1,0,0
158,0,3,,0,0,8.6625,1,1,0,0
159,0,3,,8,2,69.55,1,1,0,0
160,0,3,44.0,0,1,16.1,1,1,0,0
161,1,2,40.0,0,0,15.75,0,1,0,0
162,0,3,26.0,0,0,7.775,1,1,0,0
163,0,3,17.0,0,0,8.6625,1,1,0,0
164,0,3,1.0,4,1,39.6875,1,1,0,0
165,1,3,9.0,0,2,20.525,1,1,0,0
166,1,1,,0,1,55.0,0,1,0,0
167,0,3,45.0,1,4,27.9,0,1,0,0
168,0,1,,0,0,25.925,1,1,0,0
169,0,3,28.0,0,0,56.4958,1,1,0,0
170,0,1,61.0,0,0,33.5,1,1,0,0
171,0,3,4.0,4,1,29.125,1,0,0,1
172,1,3,1.0,1,1,11.1333,0,1,0,0
173,0,3,21.0,0,0,7.925,1,1,0,0
174,0,1,56.0,0,0,30.6958,1,0,1,0
175,0,3,18.0,1,1,7.8542,1,1,0,0
176,0,3,,3,1,25.4667,1,1,0,0
177,0,1,50.0,0,0,28.7125,0,0,1,0
178,0,2,30.0,0,0,13.0,1,1,0,0
179,0,3,36.0,0,0,0.0,1,1,0,0
180,0,3,,8,2,69.55,0,1,0,0
181,0,2,,0,0,15.05,1,0,1,0
182,0,3,9.0,4,2,31.3875,1,1,0,0
183,1,2,1.0,2,1,39.0,1,1,0,0
184,1,3,4.0,0,2,22.025,0,1,0,0
185,0,1,,0,0,50.0,1,1,0,0
186,1,3,,1,0,15.5,0,0,0,1
187,1,1,45.0,0,0,26.55,1,1,0,0
188,0,3,40.0,1,1,15.5,1,0,0,1
189,0,3,36.0,0,0,7.8958,1,1,0,0
190,1,2,32.0,0,0,13.0,0,1,0,0
191,0,2,19.0,0,0,13.0,1,1,0,0
192,1,3,19.0,1,0,7.8542,0,1,0,0
193,1,2,3.0,1,1,26.0,1,1,0,0
194,1,1,44.0,0,0,27.7208,0,0,1,0
195,1,1,58.0,0,0,146.5208,0,0,1,0
196,0,3,,0,0,7.75,1,0,0,1
197,0,3,42.0,0,1,8.4042,1,1,0,0
198,1,3,,0,0,7.75,0,0,0,1
199,0,2,24.0,0,0,13.0,0,1,0,0
200,0,3,28.0,0,0,9.5,1,1,0,0
201,0,3,,8,2,69.55,1,1,0,0
202,0,3,34.0,0,0,6.4958,1,1,0,0
203,0,3,45.5,0,0,7.225,1,0,1,0
204,1,3,18.0,0,0,8.05,1,1,0,0
205,0,3,2.0,0,1,10.4625,0,1,0,0
206,0,3,32.0,1,0,15.85,1,1,0,0
207,1,3,26.0,0,0,18.7875,1,0,1,0
208,1,3,16.0,0,0,7.75,0,0,0,1
209,1,1,40.0,0,0,31.0,1,0,1,0
210,0,3,24.0,0,0,7.05,1,1,0,0
211,1,2,35.0,0,0,21.0,0,1,0,0
212,0,3,22.0,0,0,7.25,1,1,0,0
213,0,2,30.0,0,0,13.0,1,1,0,0
214,0,3,,1,0,7.75,1,0,0,1
215,1,1,31.0,1,0,113.275,0,0,1,0
216,1,3,27.0,0,0,7.925,0,1,0,0
217,0,2,42.0,1,0,27.0,1,1,0,0
218,1,1,32.0,0,0,76.2917,0,0,1,0
219,0,2,30.0,0,0,10.5,1,1,0,0
220,1,3,16.0,0,0,8.05,1,1,0,0
221,0,2,27.0,0,0,13.0,1,1,0,0
222,0,3,51.0,0,0,8.05,1,1,0,0
223,0,3,,0,0,7.8958,1,1,0,0
224,1,1,38.0,1,0,90.0,1,1,0,0
225,0,3,22.0,0,0,9.35,1,1,0,0
226,1,2,19.0,0,0,10.5,1,1,0,0
227,0,3,20.5,0,0,7.25,1,1,0,0
228,0,2,18.0,0,0,13.0,1,1,0,0
229,0,3,,3,1,25.4667,0,1,0,0
230,1,1,35.0,1,0,83.475,0,1,0,0
231,0,3,29.0,0,0,7.775,1,1,0,0
232,0,2,59.0,0,0,13.5,1,1,0,0
233,1,3,5.0,4,2,31.3875,0,1,0,0
234,0,2,24.0,0,0,10.5,1,1,0,0
235,0,3,,0,0,7.55,0,1,0,0
236,0,2,44.0,1,0,26.0,1,1,0,0
237,1,2,8.0,0,2,26.25,0,1,0,0
238,0,2,19.0,0,0,10.5,1,1,0,0
239,0,2,33.0,0,0,12.275,1,1,0,0
240,0,3,,1,0,14.4542,0,0,1,0
241,1,3,,1,0,15.5,0,0,0,1
242,0,2,29.0,0,0,10.5,1,1,0,0
243,0,3,22.0,0,0,7.125,1,1,0,0
244,0,3,30.0,0,0,7.225,1,0,1,0
245,0,1,44.0,2,0,90.0,1,0,0,1
246,0,3,25.0,0,0,7.775,0,1,0,0
247,1,2,24.0,0,2,14.5,0,1,0,0
248,1,1,37.0,1,1,52.5542,1,1,0,0
249,0,2,54.0,1,0,26.0,1,1,0,0
250,0,3,,0,0,7.25,1,1,0,0
251,0,3,29.0,1,1,10.4625,0,1,0,0
252,0,1,62.0,0,0,26.55,1,1,0,0
253,0,3,30.0,1,0,16.1,1,1,0,0
254,0,3,41.0,0,2,20.2125,0,1,0,0
255,1,3,29.0,0,2,15.2458,0,0,1,0
256,1,1,,0,0,79.2,0,0,1,0
257,1,1,30.0,0,0,86.5,0,1,0,0
258,1,1,35.0,0,0,512.3292,0,0,1,0
259,1,2,50.0,0,1,26.0,0,1,0,0
260,0,3,,0,0,7.75,1,0,0,1
261,1,3,3.0,4,2,31.3875,1,1,0,0
262,0,1,52.0,1,1,79.65,1,1,0,0
263,0,1,40.0,0,0,0.0,1,1,0,0
264,0,3,,0,0,7.75,0,0,0,1
265,0,2,36.0,0,0,10.5,1,1,0,0
266,0,3,16.0,4,1,39.6875,1,1,0,0
267,1,3,25.0,1,0,7.775,1,1,0,0
268,1,1,58.0,0,1,153.4625,0,1,0,0
269,1,1,35.0,0,0,135.6333,0,1,0,0
270,0,1,,0,0,31.0,1,1,0,0
271,1,3,25.0,0,0,0.0,1,1,0,0
272,1,2,41.0,0,1,19.5,0,1,0,0
273,0,1,37.0,0,1,29.7,1,0,1,0
274,1,3,,0,0,7.75,0,0,0,1
275,1,1,63.0,1,0,77.9583,0,1,0,0
276,0,3,45.0,0,0,7.75,0,1,0,0
277,0,2,,0,0,0.0,1,1,0,0
278,0,3,7.0,4,1,29.125,1,0,0,1
279,1,3,35.0,1,1,20.25,0,1,0,0
280,0,3,65.0,0,0,7.75,1,0,0,1
281,0,3,28.0,0,0,7.8542,1,1,0,0
282,0,3,16.0,0,0,9.5,1,1,0,0
283,1,3,19.0,0,0,8.05,1,1,0,0
284,0,1,,0,0,26.0,1,1,0,0
285,0,3,33.0,0,0,8.6625,1,0,1,0
286,1,3,30.0,0,0,9.5,1,1,0,0
287,0,3,22.0,0,0,7.8958,1,1,0,0
288,1,2,42.0,0,0,13.0,1,1,0,0
289,1,3,22.0,0,0,7.75,0,0,0,1
290,1,1,26.0,0,0,78.85,0,1,0,0
291,1,1,19.0,1,0,91.0792,0,0,1,0
292,0,2,36.0,0,0,12.875,1,0,1,0
293,0,3,24.0,0,0,8.85,0,1,0,0
294,0,3,24.0,0,0,7.8958,1,1,0,0
295,0,1,,0,0,27.7208,1,0,1,0
296,0,3,23.5,0,0,7.2292,1,0,1,0
297,0,1,2.0,1,2,151.55,0,1,0,0
298,1,1,,0,0,30.5,1,1,0,0
299,1,1,50.0,0,1,247.5208,0,0,1,0
300,1,3,,0,0,7.75,0,0,0,1
301,1,3,,2,0,23.25,1,0,0,1
302,0,3,19.0,0,0,0.0,1,1,0,0
303,1,2,,0,0,12.35,0,0,0,1
304,0,3,,0,0,8.05,1,1,0,0
305,1,1,0.92,1,2,151.55,1,1,0,0
306,1,1,,0,0,110.8833,0,0,1,0
307,1,1,17.0,1,0,108.9,0,0,1,0
308,0,2,30.0,1,0,24.0,1,0,1,0
309,1,1,30.0,0,0,56.9292,0,0,1,0
310,1,1,24.0,0,0,83.1583,0,0,1,0
311,1,1,18.0,2,2,262.375,0,0,1,0
312,0,2,26.0,1,1,26.0,0,1,0,0
313,0,3,28.0,0,0,7.8958,1,1,0,0
314,0,2,43.0,1,1,26.25,1,1,0,0
315,1,3,26.0,0,0,7.8542,0,1,0,0
316,1,2,24.0,1,0,26.0,0,1,0,0
317,0,2,54.0,0,0,14.0,1,1,0,0
318,1,1,31.0,0,2,164.8667,0,1,0,0
319,1,1,40.0,1,1,134.5,0,0,1,0
320,0,3,22.0,0,0,7.25,1,1,0,0
321,0,3,27.0,0,0,7.8958,1,1,0,0
322,1,2,30.0,0,0,12.35,0,0,0,1
323,1,2,22.0,1,1,29.0,0,1,0,0
324,0,3,,8,2,69.55,1,1,0,0
325,1,1,36.0,0,0,135.6333,0,0,1,0
326,0,3,61.0,0,0,6.2375,1,1,0,0
327,1,2,36.0,0,0,13.0,0,1,0,0
328,1,3,31.0,1,1,20.525,0,1,0,0
329,1,1,16.0,0,1,57.9792,0,0,1,0
330,1,3,,2,0,23.25,0,0,0,1
331,0,1,45.5,0,0,28.5,1,1,0,0
332,0,1,38.0,0,1,153.4625,1,1,0,0
333,0,3,16.0,2,0,18.0,1,1,0,0
334,1,1,,1,0,133.65,0,1,0,0
335,0,3,,0,0,7.8958,1,1,0,0
336,0,1,29.0,1,0,66.6,1,1,0,0
337,1,1,41.0,0,0,134.5,0,0,1,0
338,1,3,45.0,0,0,8.05,1,1,0,0
339,0,1,45.0,0,0,35.5,1,1,0,0
340,1,2,2.0,1,1,26.0,1,1,0,0
341,1,1,24.0,3,2,263.0,0,1,0,0
342,0,2,28.0,0,0,13.0,1,1,0,0
343,0,2,25.0,0,0,13.0,1,1,0,0
344,0,2,36.0,0,0,13.0,1,1,0,0
345,1,2,24.0,0,0,13.0,0,1,0,0
346,1,2,40.0,0,0,13.0,0,1,0,0
347,1,3,,1,0,16.1,0,1,0,0
348,1,3,3.0,1,1,15.9,1,1,0,0
349,0,3,42.0,0,0,8.6625,1,1,0,0
350,0,3,23.0,0,0,9.225,1,1,0,0
351,0,1,,0,0,35.0,1,1,0,0
352,0,3,15.0,1,1,7.2292,1,0,1,0
353,0,3,25.0,1,0,17.8,1,1,0,0
354,0,3,,0,0,7.225,1,0,1,0
355,0,3,28.0,0,0,9.5,1,1,0,0
356,1,1,22.0,0,1,55.0,0,1,0,0
357,0,2,38.0,0,0,13.0,0,1,0,0
358,1,3,,0,0,7.8792,0,0,0,1
359,1,3,,0,0,7.8792,0,0,0,1
360,0,3,40.0,1,4,27.9,1,1,0,0
361,0,2,29.0,1,0,27.7208,1,0,1,0
362,0,3,45.0,0,1,14.4542,0,0,1,0
363,0,3,35.0,0,0,7.05,1,1,0,0
364,0,3,,1,0,15.5,1,0,0,1
365,0,3,30.0,0,0,7.25,1,1,0,0
366,1,1,60.0,1,0,75.25,0,0,1,0
367,1,3,,0,0,7.2292,0,0,1,0
368,1,3,,0,0,7.75,0,0,0,1
369,1,1,24.0,0,0,69.3,0,0,1,0
370,1,1,25.0,1,0,55.4417,1,0,1,0
371,0,3,18.0,1,0,6.4958,1,1,0,0
372,0,3,19.0,0,0,8.05,1,1,0,0
373,0,1,22.0,0,0,135.6333,1,0,1,0
374,0,3,3.0,3,1,21.075,0,1,0,0
375,1,1,,1,0,82.1708,0,0,1,0
376,1,3,22.0,0,0,7.25,0,1,0,0
377,0,1,27.0,0,2,211.5,1,0,1,0
378,0,3,20.0,0,0,4.0125,1,0,1,0
379,0,3,19.0,0,0,7.775,1,1,0,0
380,1,1,42.0,0,0,227.525,0,0,1,0
381,1,3,1.0,0,2,15.7417,0,0,1,0
382,0,3,32.0,0,0,7.925,1,1,0,0
383,1,1,35.0,1,0,52.0,0,1,0,0
384,0,3,,0,0,7.8958,1,1,0,0
385,0,2,18.0,0,0,73.5,1,1,0,0
386,0,3,1.0,5,2,46.9,1,1,0,0
387,1,2,36.0,0,0,13.0,0,1,0,0
388,0,3,,0,0,7.7292,1,0,0,1
389,1,2,17.0,0,0,12.0,0,0,1,0
390,1,1,36.0,1,2,120.0,1,1,0,0
391,1,3,21.0,0,0,7.7958,1,1,0,0
392,0,3,28.0,2,0,7.925,1,1,0,0
393,1,1,23.0,1,0,113.275,0,0,1,0
394,1,3,24.0,0,2,16.7,0,1,0,0
395,0,3,22.0,0,0,7.7958,1,1,0,0
396,0,3,31.0,0,0,7.8542,0,1,0,0
397,0,2,46.0,0,0,26.0,1,1,0,0
398,0,2,23.0,0,0,10.5,1,1,0,0
399,1,2,28.0,0,0,12.65,0,1,0,0
400,1,3,39.0,0,0,7.925,1,1,0,0
401,0,3,26.0,0,0,8.05,1,1,0,0
402,0,3,21.0,1,0,9.825,0,1,0,0
403,0,3,28.0,1,0,15.85,1,1,0,0
404,0,3,20.0,0,0,8.6625,0,1,0,0
405,0,2,34.0,1,0,21.0,1,1,0,0
406,0,3,51.0,0,0,7.75,1,1,0,0
407,1,2,3.0,1,1,18.75,1,1,0,0
408,0,3,21.0,0,0,7.775,1,1,0,0
409,0,3,,3,1,25.4667,0,1,0,0
410,0,3,,0,0,7.8958,1,1,0,0
411,0,3,,0,0,6.8583,1,0,0,1
412,1,1,33.0,1,0,90.0,0,0,0,1
413,0,2,,0,0,0.0,1,1,0,0
414,1,3,44.0,0,0,7.925,1,1,0,0
415,0,3,,0,0,8.05,0,1,0,0
416,1,2,34.0,1,1,32.5,0,1,0,0
417,1,2,18.0,0,2,13.0,0,1,0,0
418,0,2,30.0,0,0,13.0,1,1,0,0
419,0,3,10.0,0,2,24.15,0,1,0,0
420,0,3,,0,0,7.8958,1,0,1,0
421,0,3,21.0,0,0,7.7333,1,0,0,1
422,0,3,29.0,0,0,7.875,1,1,0,0
423,0,3,28.0,1,1,14.4,0,1,0,0
424,0,3,18.0,1,1,20.2125,1,1,0,0
425,0,3,,0,0,7.25,1,1,0,0
426,1,2,28.0,1,0,26.0,0,1,0,0
427,1,2,19.0,0,0,26.0,0,1,0,0
428,0,3,,0,0,7.75,1,0,0,1
429,1,3,32.0,0,0,8.05,1,1,0,0
430,1,1,28.0,0,0,26.55,1,1,0,0
431,1,3,,1,0,16.1,0,1,0,0
432,1,2,42.0,1,0,26.0,0,1,0,0
433,0,3,17.0,0,0,7.125,1,1,0,0
434,0,1,50.0,1,0,55.9,1,1,0,0
435,1,1,14.0,1,2,120.0,0,1,0,0
436,0,3,21.0,2,2,34.375,0,1,0,0
437,1,2,24.0,2,3,18.75,0,1,0,0
438,0,1,64.0,1,4,263.0,1,1,0,0
439,0,2,31.0,0,0,10.5,1,1,0,0
440,1,2,45.0,1,1,26.25,0,1,0,0
441,0,3,20.0,0,0,9.5,1,1,0,0
442,0,3,25.0,1,0,7.775,1,1,0,0
443,1,2,28.0,0,0,13.0,0,1,0,0
444,1,3,,0,0,8.1125,1,1,0,0
445,1,1,4.0,0,2,81.8583,1,1,0,0
446,1,2,13.0,0,1,19.5,0,1,0,0
447,1,1,34.0,0,0,26.55,1,1,0,0
448,1,3,5.0,2,1,19.2583,0,0,1,0
449,1,1,52.0,0,0,30.5,1,1,0,0
450,0,2,36.0,1,2,27.75,1,1,0,0
451,0,3,,1,0,19.9667,1,1,0,0
452,0,1,30.0,0,0,27.75,1,0,1,0
453,1,1,49.0,1,0,89.1042,1,0,1,0
454,0,3,,0,0,8.05,1,1,0,0
455,1,3,29.0,0,0,7.8958,1,0,1,0
456,0,1,65.0,0,0,26.55,1,1,0,0
457,1,1,,1,0,51.8625,0,1,0,0
458,1,2,50.0,0,0,10.5,0,1,0,0
459,0,3,,0,0,7.75,1,0,0,1
460,1,1,48.0,0,0,26.55,1,1,0,0
461,0,3,34.0,0,0,8.05,1,1,0,0
462,0,1,47.0,0,0,38.5,1,1,0,0
463,0,2,48.0,0,0,13.0,1,1,0,0
464,0,3,,0,0,8.05,1,1,0,0
465,0,3,38.0,0,0,7.05,1,1,0,0
466,0,2,,0,0,0.0,1,1,0,0
467,0,1,56.0,0,0,26.55,1,1,0,0
468,0,3,,0,0,7.725,1,0,0,1
469,1,3,0.75,2,1,19.2583,0,0,1,0
470,0,3,,0,0,7.25,1,1,0,0
471,0,3,38.0,0,0,8.6625,1,1,0,0
472,1,2,33.0,1,2,27.75,0,1,0,0
473,1,2,23.0,0,0,13.7917,0,0,1,0
474,0,3,22.0,0,0,9.8375,0,1,0,0
475,0,1,,0,0,52.0,1,1,0,0
476,0,2,34.0,1,0,21.0,1,1,0,0
477,0,3,29.0,1,0,7.0458,1,1,0,0
478,0,3,22.0,0,0,7.5208,1,1,0,0
479,1,3,2.0,0,1,12.2875,0,1,0,0
480,0,3,9.0,5,2,46.9,1,1,0,0
481,0,2,,0,0,0.0,1,1,0,0
482,0,3,50.0,0,0,8.05,1,1,0,0
483,1,3,63.0,0,0,9.5875,0,1,0,0
484,1,1,25.0,1,0,91.0792,1,0,1,0
485,0,3,,3,1,25.4667,0,1,0,0
486,1,1,35.0,1,0,90.0,0,1,0,0
487,0,1,58.0,0,0,29.7,1,0,1,0
488,0,3,30.0,0,0,8.05,1,1,0,0
489,1,3,9.0,1,1,15.9,1,1,0,0
490,0,3,,1,0,19.9667,1,1,0,0
491,0,3,21.0,0,0,7.25,1,1,0,0
492,0,1,55.0,0,0,30.5,1,1,0,0
493,0,1,71.0,0,0,49.5042,1,0,1,0
494,0,3,21.0,0,0,8.05,1,1,0,0
495,0,3,,0,0,14.4583,1,0,1,0
496,1,1,54.0,1,0,78.2667,0,0,1,0
497,0,3,,0,0,15.1,1,1,0,0
498,0,1,25.0,1,2,151.55,0,1,0,0
499,0,3,24.0,0,0,7.7958,1,1,0,0
500,0,3,17.0,0,0,8.6625,1,1,0,0
501,0,3,21.0,0,0,7.75,0,0,0,1
502,0,3,,0,0,7.6292,0,0,0,1
503,0,3,37.0,0,0,9.5875,0,1,0,0
504,1,1,16.0,0,0,86.5,0,1,0,0
505,0,1,18.0,1,0,108.9,1,0,1,0
506,1,2,33.0,0,2,26.0,0,1,0,0
507,1,1,,0,0,26.55,1,1,0,0
508,0,3,28.0,0,0,22.525,1,1,0,0
509,1,3,26.0,0,0,56.4958,1,1,0,0
510,1,3,29.0,0,0,7.75,1,0,0,1
511,0,3,,0,0,8.05,1,1,0,0
512,1,1,36.0,0,0,26.2875,1,1,0,0
513,1,1,54.0,1,0,59.4,0,0,1,0
514,0,3,24.0,0,0,7.4958,1,1,0,0
515,0,1,47.0,0,0,34.0208,1,1,0,0
516,1,2,34.0,0,0,10.5,0,1,0,0
517,0,3,,0,0,24.15,1,0,0,1
518,1,2,36.0,1,0,26.0,0,1,0,0
519,0,3,32.0,0,0,7.8958,1,1,0,0
520,1,1,30.0,0,0,93.5,0,1,0,0
521,0,3,22.0,0,0,7.8958,1,1,0,0
522,0,3,,0,0,7.225,1,0,1,0
523,1,1,44.0,0,1,57.9792,0,0,1,0
524,0,3,,0,0,7.2292,1,0,1,0
525,0,3,40.5,0,0,7.75,1,0,0,1
526,1,2,50.0,0,0,10.5,0,1,0,0
527,0,1,,0,0,221.7792,1,1,0,0
528,0,3,39.0,0,0,7.925,1,1,0,0
529,0,2,23.0,2,1,11.5,1,1,0,0
530,1,2,2.0,1,1,26.0,0,1,0,0
531,0,3,,0,0,7.2292,1,0,1,0
532,0,3,17.0,1,1,7.2292,1,0,1,0
533,1,3,,0,2,22.3583,0,0,1,0
534,0,3,30.0,0,0,8.6625,0,1,0,0
535,1,2,7.0,0,2,26.25,0,1,0,0
536,0,1,45.0,0,0,26.55,1,1,0,0
537,1,1,30.0,0,0,106.425,0,0,1,0
538,0,3,,0,0,14.5,1,1,0,0
539,1,1,22.0,0,2,49.5,0,0,1,0
540,1,1,36.0,0,2,71.0,0,1,0,0
541,0,3,9.0,4,2,31.275,0,1,0,0
542,0,3,11.0,4,2,31.275,0,1,0,0
543,1,2,32.0,1,0,26.0,1,1,0,0
544,0,1,50.0,1,0,106.425,1,0,1,0
545,0,1,64.0,0,0,26.0,1,1,0,0
546,1,2,19.0,1,0,26.0,0,1,0,0
547,1,2,,0,0,13.8625,1,0,1,0
548,0,3,33.0,1,1,20.525,1,1,0,0
549,1,2,8.0,1,1,36.75,1,1,0,0
550,1,1,17.0,0,2,110.8833,1,0,1,0
551,0,2,27.0,0,0,26.0,1,1,0,0
552,0,3,,0,0,7.8292,1,0,0,1
553,1,3,22.0,0,0,7.225,1,0,1,0
554,1,3,22.0,0,0,7.775,0,1,0,0
555,0,1,62.0,0,0,26.55,1,1,0,0
556,1,1,48.0,1,0,39.6,0,0,1,0
557,0,1,,0,0,227.525,1,0,1,0
558,1,1,39.0,1,1,79.65,0,1,0,0
559,1,3,36.0,1,0,17.4,0,1,0,0
560,0,3,,0,0,7.75,1,0,0,1
561,0,3,40.0,0,0,7.8958,1,1,0,0
562,0,2,28.0,0,0,13.5,1,1,0,0
563,0,3,,0,0,8.05,1,1,0,0
564,0,3,,0,0,8.05,0,1,0,0
565,0,3,24.0,2,0,24.15,1,1,0,0
566,0,3,19.0,0,0,7.8958,1,1,0,0
567,0,3,29.0,0,4,21.075,0,1,0,0
568,0,3,,0,0,7.2292,1,0,1,0
569,1,3,32.0,0,0,7.8542,1,1,0,0
570,1,2,62.0,0,0,10.5,1,1,0,0
571,1,1,53.0,2,0,51.4792,0,1,0,0
572,1,1,36.0,0,0,26.3875,1,1,0,0
573,1,3,,0,0,7.75,0,0,0,1
574,0,3,16.0,0,0,8.05,1,1,0,0
575,0,3,19.0,0,0,14.5,1,1,0,0
576,1,2,34.0,0,0,13.0,0,1,0,0
577,1,1,39.0,1,0,55.9,0,1,0,0
578,0,3,,1,0,14.4583,0,0,1,0
579,1,3,32.0,0,0,7.925,1,1,0,0
580,1,2,25.0,1,1,30.0,0,1,0,0
581,1,1,39.0,1,1,110.8833,0,0,1,0
582,0,2,54.0,0,0,26.0,1,1,0,0
583,0,1,36.0,0,0,40.125,1,0,1,0
584,0,3,,0,0,8.7125,1,0,1,0
585,1,1,18.0,0,2,79.65,0,1,0,0
586,0,2,47.0,0,0,15.0,1,1,0,0
587,1,1,60.0,1,1,79.2,1,0,1,0
588,0,3,22.0,0,0,8.05,1,1,0,0
589,0,3,,0,0,8.05,1,1,0,0
590,0,3,35.0,0,0,7.125,1,1,0,0
591,1,1,52.0,1,0,78.2667,0,0,1,0
592,0,3,47.0,0,0,7.25,1,1,0,0
593,0,3,,0,2,7.75,0,0,0,1
594,0,2,37.0,1,0,26.0,1,1,0,0
595,0,3,36.0,1,1,24.15,1,1,0,0
596,1,2,,0,0,33.0,0,1,0,0
597,0,3,49.0,0,0,0.0,1,1,0,0
598,0,3,,0,0,7.225,1,0,1,0
599,1,1,49.0,1,0,56.9292,1,0,1,0
600,1,2,24.0,2,1,27.0,0,1,0,0
601,0,3,,0,0,7.8958,1,1,0,0
602,0,1,,0,0,42.4,1,1,0,0
603,0,3,44.0,0,0,8.05,1,1,0,0
604,1,1,35.0,0,0,26.55,1,0,1,0
605,0,3,36.0,1,0,15.55,1,1,0,0
606,0,3,30.0,0,0,7.8958,1,1,0,0
607,1,1,27.0,0,0,30.5,1,1,0,0
608,1,2,22.0,1,2,41.5792,0,0,1,0
609,1,1,40.0,0,0,153.4625,0,1,0,0
610,0,3,39.0,1,5,31.275,0,1,0,0
611,0,3,,0,0,7.05,1,1,0,0
612,1,3,,1,0,15.5,0,0,0,1
613,0,3,,0,0,7.75,1,0,0,1
614,0,3,35.0,0,0,8.05,1,1,0,0
615,1,2,24.0,1,2,65.0,0,1,0,0
616,0,3,34.0,1,1,14.4,1,1,0,0
617,0,3,26.0,1,0,16.1,0,1,0,0
618,1,2,4.0,2,1,39.0,0,1,0,0
619,0,2,26.0,0,0,10.5,1,1,0,0
620,0,3,27.0,1,0,14.4542,1,0,1,0
621,1,1,42.0,1,0,52.5542,1,1,0,0
622,1,3,20.0,1,1,15.7417,1,0,1,0
623,0,3,21.0,0,0,7.8542,1,1,0,0
624,0,3,21.0,0,0,16.1,1,1,0,0
625,0,1,61.0,0,0,32.3208,1,1,0,0
626,0,2,57.0,0,0,12.35,1,0,0,1
627,1,1,21.0,0,0,77.9583,0,1,0,0
628,0,3,26.0,0,0,7.8958,1,1,0,0
629,0,3,,0,0,7.7333,1,0,0,1
630,1,1,80.0,0,0,30.0,1,1,0,0
631,0,3,51.0,0,0,7.0542,1,1,0,0
632,1,1,32.0,0,0,30.5,1,0,1,0
633,0,1,,0,0,0.0,1,1,0,0
634,0,3,9.0,3,2,27.9,0,1,0,0
635,1,2,28.0,0,0,13.0,0,1,0,0
636,0,3,32.0,0,0,7.925,1,1,0,0
637,0,2,31.0,1,1,26.25,1,1,0,0
638,0,3,41.0,0,5,39.6875,0,1,0,0
639,0,3,,1,0,16.1,1,1,0,0
640,0,3,20.0,0,0,7.8542,1,1,0,0
641,1,1,24.0,0,0,69.3,0,0,1,0
642,0,3,2.0,3,2,27.9,0,1,0,0
643,1,3,,0,0,56.4958,1,1,0,0
644,1,3,0.75,2,1,19.2583,0,0,1,0
645,1,1,48.0,1,0,76.7292,1,0,1,0
646,0,3,19.0,0,0,7.8958,1,1,0,0
647,1,1,56.0,0,0,35.5,1,0,1,0
648,0,3,,0,0,7.55,1,1,0,0
649,1,3,23.0,0,0,7.55,0,1,0,0
650,0,3,,0,0,7.8958,1,1,0,0
651,1,2,18.0,0,1,23.0,0,1,0,0
652,0,3,21.0,0,0,8.4333,1,1,0,0
653,1,3,,0,0,7.8292,0,0,0,1
654,0,3,18.0,0,0,6.75,0,0,0,1
655,0,2,24.0,2,0,73.5,1,1,0,0
656,0,3,,0,0,7.8958,1,1,0,0
657,0,3,32.0,1,1,15.5,0,0,0,1
658,0,2,23.0,0,0,13.0,1,1,0,0
659,0,1,58.0,0,2,113.275,1,0,1,0
660,1,1,50.0,2,0,133.65,1,1,0,0
661,0,3,40.0,0,0,7.225,1,0,1,0
662,0,1,47.0,0,0,25.5875,1,1,0,0
663,0,3,36.0,0,0,7.4958,1,1,0,0
664,1,3,20.0,1,0,7.925,1,1,0,0
665,0,2,32.0,2,0,73.5,1,1,0,0
666,0,2,25.0,0,0,13.0,1,1,0,0
667,0,3,,0,0,7.775,1,1,0,0
668,0,3,43.0,0,0,8.05,1,1,0,0
669,1,1,,1,0,52.0,0,1,0,0
670,1,2,40.0,1,1,39.0,0,1,0,0
671,0,1,31.0,1,0,52.0,1,1,0,0
672,0,2,70.0,0,0,10.5,1,1,0,0
673,1,2,31.0,0,0,13.0,1,1,0,0
674,0,2,,0,0,0.0,1,1,0,0
675,0,3,18.0,0,0,7.775,1,1,0,0
676,0,3,24.5,0,0,8.05,1,1,0,0
677,1,3,18.0,0,0,9.8417,0,1,0,0
678,0,3,43.0,1,6,46.9,0,1,0,0
679,1,1,36.0,0,1,512.3292,1,0,1,0
680,0,3,,0,0,8.1375,0,0,0,1
681,1,1,27.0,0,0,76.7292,1,0,1,0
682,0,3,20.0,0,0,9.225,1,1,0,0
683,0,3,14.0,5,2,46.9,1,1,0,0
684,0,2,60.0,1,1,39.0,1,1,0,0
685,0,2,25.0,1,2,41.5792,1,0,1,0
686,0,3,14.0,4,1,39.6875,1,1,0,0
687,0,3,19.0,0,0,10.1708,1,1,0,0
688,0,3,18.0,0,0,7.7958,1,1,0,0
689,1,1,15.0,0,1,211.3375,0,1,0,0
690,1,1,31.0,1,0,57.0,1,1,0,0
691,1,3,4.0,0,1,13.4167,0,0,1,0
692,1,3,,0,0,56.4958,1,1,0,0
693,0,3,25.0,0,0,7.225,1,0,1,0
694,0,1,60.0,0,0,26.55,1,1,0,0
695,0,2,52.0,0,0,13.5,1,1,0,0
696,0,3,44.0,0,0,8.05,1,1,0,0
697,1,3,,0,0,7.7333,0,0,0,1
698,0,1,49.0,1,1,110.8833,1,0,1,0
699,0,3,42.0,0,0,7.65,1,1,0,0
700,1,1,18.0,1,0,227.525,0,0,1,0
701,1,1,35.0,0,0,26.2875,1,1,0,0
702,0,3,18.0,0,1,14.4542,0,0,1,0
703,0,3,25.0,0,0,7.7417,1,0,0,1
704,0,3,26.0,1,0,7.8542,1,1,0,0
705,0,2,39.0,0,0,26.0,1,1,0,0
706,1,2,45.0,0,0,13.5,0,1,0,0
707,1,1,42.0,0,0,26.2875,1,1,0,0
708,1,1,22.0,0,0,151.55,0,1,0,0
709,1,3,,1,1,15.2458,1,0,1,0
710,1,1,24.0,0,0,49.5042,0,0,1,0
711,0,1,,0,0,26.55,1,1,0,0
712,1,1,48.0,1,0,52.0,1,1,0,0
713,0,3,29.0,0,0,9.4833,1,1,0,0
714,0,2,52.0,0,0,13.0,1,1,0,0
715,0,3,19.0,0,0,7.65,1,1,0,0
716,1,1,38.0,0,0,227.525,0,0,1,0
717,1,2,27.0,0,0,10.5,0,1,0,0
718,0,3,,0,0,15.5,1,0,0,1
719,0,3,33.0,0,0,7.775,1,1,0,0
720,1,2,6.0,0,1,33.0,0,1,0,0
721,0,3,17.0,1,0,7.0542,1,1,0,0
722,0,2,34.0,0,0,13.0,1,1,0,0
723,0,2,50.0,0,0,13.0,1,1,0,0
724,1,1,27.0,1,0,53.1,1,1,0,0
725,0,3,20.0,0,0,8.6625,1,1,0,0
726,1,2,30.0,3,0,21.0,0,1,0,0
727,1,3,,0,0,7.7375,0,0,0,1
728,0,2,25.0,1,0,26.0,1,1,0,0
729,0,3,25.0,1,0,7.925,0,1,0,0
730,1,1,29.0,0,0,211.3375,0,1,0,0
731,0,3,11.0,0,0,18.7875,1,0,1,0
732,0,2,,0,0,0.0,1,1,0,0
733,0,2,23.0,0,0,13.0,1,1,0,0
734,0,2,23.0,0,0,13.0,1,1,0,0
735,0,3,28.5,0,0,16.1,1,1,0,0
736,0,3,48.0,1,3,34.375,0,1,0,0
737,1,1,35.0,0,0,512.3292,1,0,1,0
738,0,3,,0,0,7.8958,1,1,0,0
739,0,3,,0,0,7.8958,1,1,0,0
740,1,1,,0,0,30.0,1,1,0,0
741,0,1,36.0,1,0,78.85,1,1,0,0
742,1,1,21.0,2,2,262.375,0,0,1,0
743,0,3,24.0,1,0,16.1,1,1,0,0
744,1,3,31.0,0,0,7.925,1,1,0,0
745,0,1,70.0,1,1,71.0,1,1,0,0
746,0,3,16.0,1,1,20.25,1,1,0,0
747,1,2,30.0,0,0,13.0,0,1,0,0
748,0,1,19.0,1,0,53.1,1,1,0,0
749,0,3,31.0,0,0,7.75,1,0,0,1
750,1,2,4.0,1,1,23.0,0,1,0,0
751,1,3,6.0,0,1,12.475,1,1,0,0
752,0,3,33.0,0,0,9.5,1,1,0,0
753,0,3,23.0,0,0,7.8958,1,1,0,0
754,1,2,48.0,1,2,65.0,0,1,0,0
755,1,2,0.67,1,1,14.5,1,1,0,0
756,0,3,28.0,0,0,7.7958,1,1,0,0
757,0,2,18.0,0,0,11.5,1,1,0,0
758,0,3,34.0,0,0,8.05,1,1,0,0
759,1,1,33.0,0,0,86.5,0,1,0,0
760,0,3,,0,0,14.5,1,1,0,0
761,0,3,41.0,0,0,7.125,1,1,0,0
762,1,3,20.0,0,0,7.2292,1,0,1,0
763,1,1,36.0,1,2,120.0,0,1,0,0
764,0,3,16.0,0,0,7.775,1,1,0,0
765,1,1,51.0,1,0,77.9583,0,1,0,0
766,0,1,,0,0,39.6,1,0,1,0
767,0,3,30.5,0,0,7.75,0,0,0,1
768,0,3,,1,0,24.15,1,0,0,1
769,0,3,32.0,0,0,8.3625,1,1,0,0
770,0,3,24.0,0,0,9.5,1,1,0,0
771,0,3,48.0,0,0,7.8542,1,1,0,0
772,0,2,57.0,0,0,10.5,0,1,0,0
773,0,3,,0,0,7.225,1,0,1,0
774,1,2,54.0,1,3,23.0,0,1,0,0
775,0,3,18.0,0,0,7.75,1,1,0,0
776,0,3,,0,0,7.75,1,0,0,1
777,1,3,5.0,0,0,12.475,0,1,0,0
778,0,3,,0,0,7.7375,1,0,0,1
779,1,1,43.0,0,1,211.3375,0,1,0,0
780,1,3,13.0,0,0,7.2292,0,0,1,0
781,1,1,17.0,1,0,57.0,0,1,0,0
782,0,1,29.0,0,0,30.0,1,1,0,0
783,0,3,,1,2,23.45,1,1,0,0
784,0,3,25.0,0,0,7.05,1,1,0,0
785,0,3,25.0,0,0,7.25,1,1,0,0
786,1,3,18.0,0,0,7.4958,0,1,0,0
787,0,3,8.0,4,1,29.125,1,0,0,1
788,1,3,1.0,1,2,20.575,1,1,0,0
789,0,1,46.0,0,0,79.2,1,0,1,0
790,0,3,,0,0,7.75,1,0,0,1
791,0,2,16.0,0,0,26.0,1,1,0,0
792,0,3,,8,2,69.55,0,1,0,0
793,0,1,,0,0,30.6958,1,0,1,0
794,0,3,25.0,0,0,7.8958,1,1,0,0
795,0,2,39.0,0,0,13.0,1,1,0,0
796,1,1,49.0,0,0,25.9292,0,1,0,0
797,1,3,31.0,0,0,8.6833,0,1,0,0
798,0,3,30.0,0,0,7.2292,1,0,1,0
799,0,3,30.0,1,1,24.15,0,1,0,0
800,0,2,34.0,0,0,13.0,1,1,0,0
801,1,2,31.0,1,1,26.25,0,1,0,0
802,1,1,11.0,1,2,120.0,1,1,0,0
803,1,3,0.42,0,1,8.5167,1,0,1,0
804,1,3,27.0,0,0,6.975,1,1,0,0
805,0,3,31.0,0,0,7.775,1,1,0,0
806,0,1,39.0,0,0,0.0,1,1,0,0
807,0,3,18.0,0,0,7.775,0,1,0,0
808,0,2,39.0,0,0,13.0,1,1,0,0
809,1,1,33.0,1,0,53.1,0,1,0,0
810,0,3,26.0,0,0,7.8875,1,1,0,0
811,0,3,39.0,0,0,24.15,1,1,0,0
812,0,2,35.0,0,0,10.5,1,1,0,0
813,0,3,6.0,4,2,31.275,0,1,0,0
814,0,3,30.5,0,0,8.05,1,1,0,0
815,0,1,,0,0,0.0,1,1,0,0
816,0,3,23.0,0,0,7.925,0,1,0,0
817,0,2,31.0,1,1,37.0042,1,0,1,0
818,0,3,43.0,0,0,6.45,1,1,0,0
819,0,3,10.0,3,2,27.9,1,1,0,0
820,1,1,52.0,1,1,93.5,0,1,0,0
821,1,3,27.0,0,0,8.6625,1,1,0,0
822,0,1,38.0,0,0,0.0,1,1,0,0
823,1,3,27.0,0,1,12.475,0,1,0,0
824,0,3,2.0,4,1,39.6875,1,1,0,0
825,0,3,,0,0,6.95,1,0,0,1
826,0,3,,0,0,56.4958,1,1,0,0
827,1,2,1.0,0,2,37.0042,1,0,1,0
828,1,3,,0,0,7.75,1,0,0,1
829,1,1,62.0,0,0,80.0,0,1,0,0
830,1,3,15.0,1,0,14.4542,0,0,1,0
831,1,2,0.83,1,1,18.75,1,1,0,0
832,0,3,,0,0,7.2292,1,0,1,0
833,0,3,23.0,0,0,7.8542,1,1,0,0
834,0,3,18.0,0,0,8.3,1,1,0,0
835,1,1,39.0,1,1,83.1583,0,0,1,0
836,0,3,21.0,0,0,8.6625,1,1,0,0
837,0,3,,0,0,8.05,1,1,0,0
838,1,3,32.0,0,0,56.4958,1,1,0,0
839,1,1,,0,0,29.7,1,0,1,0
840,0,3,20.0,0,0,7.925,1,1,0,0
841,0,2,16.0,0,0,10.5,1,1,0,0
842,1,1,30.0,0,0,31.0,0,0,1,0
843,0,3,34.5,0,0,6.4375,1,0,1,0
844,0,3,17.0,0,0,8.6625,1,1,0,0
845,0,3,42.0,0,0,7.55,1,1,0,0
846,0,3,,8,2,69.55,1,1,0,0
847,0,3,35.0,0,0,7.8958,1,0,1,0
848,0,2,28.0,0,1,33.0,1,1,0,0
849,1,1,,1,0,89.1042,0,0,1,0
850,0,3,4.0,4,2,31.275,1,1,0,0
851,0,3,74.0,0,0,7.775,1,1,0,0
852,0,3,9.0,1,1,15.2458,0,0,1,0
853,1,1,16.0,0,1,39.4,0,1,0,0
854,0,2,44.0,1,0,26.0,0,1,0,0
855,1,3,18.0,0,1,9.35,0,1,0,0
856,1,1,45.0,1,1,164.8667,0,1,0,0
857,1,1,51.0,0,0,26.55,1,1,0,0
858,1,3,24.0,0,3,19.2583,0,0,1,0
859,0,3,,0,0,7.2292,1,0,1,0
860,0,3,41.0,2,0,14.1083,1,1,0,0
861,0,2,21.0,1,0,11.5,1,1,0,0
862,1,1,48.0,0,0,25.9292,0,1,0,0
863,0,3,,8,2,69.55,0,1,0,0
864,0,2,24.0,0,0,13.0,1,1,0,0
865,1,2,42.0,0,0,13.0,0,1,0,0
866,1,2,27.0,1,0,13.8583,0,0,1,0
867,0,1,31.0,0,0,50.4958,1,1,0,0
868,0,3,,0,0,9.5,1,1,0,0
869,1,3,4.0,1,1,11.1333,1,1,0,0
870,0,3,26.0,0,0,7.8958,1,1,0,0
871,1,1,47.0,1,1,52.5542,0,1,0,0
872,0,1,33.0,0,0,5.0,1,1,0,0
873,0,3,47.0,0,0,9.0,1,1,0,0
874,1,2,28.0,1,0,24.0,0,0,1,0
875,1,3,15.0,0,0,7.225,0,0,1,0
876,0,3,20.0,0,0,9.8458,1,1,0,0
877,0,3,19.0,0,0,7.8958,1,1,0,0
878,0,3,,0,0,7.8958,1,1,0,0
879,1,1,56.0,0,1,83.1583,0,0,1,0
880,1,2,25.0,0,1,26.0,0,1,0,0
881,0,3,33.0,0,0,7.8958,1,1,0,0
882,0,3,22.0,0,0,10.5167,0,1,0,0
883,0,2,28.0,0,0,10.5,1,1,0,0
884,0,3,25.0,0,0,7.05,1,1,0,0
885,0,3,39.0,0,5,29.125,0,0,0,1
886,0,2,27.0,0,0,13.0,1,1,0,0
887,1,1,19.0,0,0,30.0,0,1,0,0
888,0,3,,1,2,23.45,0,1,0,0
889,1,1,26.0,0,0,30.0,1,0,1,0
890,0,3,32.0,0,0,7.75,1,0,0,1
891,0,3,34.5,0,0,7.8292,1,0,0,1
892,1,3,47.0,1,0,7.0,0,1,0,0
893,0,2,62.0,0,0,9.6875,1,0,0,1
894,0,3,27.0,0,0,8.6625,1,1,0,0
895,1,3,22.0,1,1,12.2875,0,1,0,0
896,0,3,14.0,0,0,9.225,1,1,0,0
897,1,3,30.0,0,0,7.6292,0,0,0,1
898,0,2,26.0,1,1,29.0,1,1,0,0
899,1,3,18.0,0,0,7.2292,0,0,1,0
900,0,3,21.0,2,0,24.15,1,1,0,0
901,0,3,,0,0,7.8958,1,1,0,0
902,0,1,46.0,0,0,26.0,1,1,0,0
903,1,1,23.0,1,0,82.2667,0,1,0,0
904,0,2,63.0,1,0,26.0,1,1,0,0
905,1,1,47.0,1,0,61.175,0,1,0,0
906,1,2,24.0,1,0,27.7208,0,0,1,0
907,0,2,35.0,0,0,12.35,1,0,0,1
908,0,3,21.0,0,0,7.225,1,0,1,0
909,1,3,27.0,1,0,7.925,0,1,0,0
910,1,3,45.0,0,0,7.225,0,0,1,0
911,0,1,55.0,1,0,59.4,1,0,1,0
912,0,3,9.0,0,1,3.1708,1,1,0,0
913,1,1,,0,0,31.6833,0,1,0,0
914,0,1,21.0,0,1,61.3792,1,0,1,0
915,1,1,48.0,1,3,262.375,0,0,1,0
916,0,3,50.0,1,0,14.5,1,1,0,0
917,1,1,22.0,0,1,61.9792,0,0,1,0
918,0,3,22.5,0,0,7.225,1,0,1,0
919,0,1,41.0,0,0,30.5,1,1,0,0
920,0,3,,2,0,21.6792,1,0,1,0
921,0,2,50.0,1,0,26.0,1,1,0,0
922,0,2,24.0,2,0,31.5,1,1,0,0
923,1,3,33.0,1,2,20.575,0,1,0,0
924,1,3,,1,2,23.45,0,1,0,0
925,0,1,30.0,1,0,57.75,1,0,1,0
926,0,3,18.5,0,0,7.2292,1,0,1,0
927,1,3,,0,0,8.05,0,1,0,0
928,1,3,21.0,0,0,8.6625,0,1,0,0
929,0,3,25.0,0,0,9.5,1,1,0,0
930,0,3,,0,0,56.4958,1,1,0,0
931,0,3,39.0,0,1,13.4167,1,0,1,0
932,0,1,,0,0,26.55,1,1,0,0
933,0,3,41.0,0,0,7.85,1,1,0,0
934,1,2,30.0,0,0,13.0,0,1,0,0
935,1,1,45.0,1,0,52.5542,0,1,0,0
936,0,3,25.0,0,0,7.925,1,1,0,0
937,0,1,45.0,0,0,29.7,1,0,1,0
938,0,3,,0,0,7.75,1,0,0,1
939,1,1,60.0,0,0,76.2917,0,0,1,0
940,1,3,36.0,0,2,15.9,0,1,0,0
941,0,1,24.0,1,0,60.0,1,1,0,0
942,0,2,27.0,0,0,15.0333,1,0,1,0
943,1,2,20.0,2,1,23.0,0,1,0,0
944,1,1,28.0,3,2,263.0,0,1,0,0
945,0,2,,0,0,15.5792,1,0,1,0
946,0,3,10.0,4,1,29.125,1,0,0,1
947,0,3,35.0,0,0,7.8958,1,1,0,0
948,0,3,25.0,0,0,7.65,1,1,0,0
949,0,3,,1,0,16.1,1,1,0,0
950,1,1,36.0,0,0,262.375,0,0,1,0
951,0,3,17.0,0,0,7.8958,1,1,0,0
952,0,2,32.0,0,0,13.5,1,1,0,0
953,0,3,18.0,0,0,7.75,1,1,0,0
954,1,3,22.0,0,0,7.725,0,0,0,1
955,0,1,13.0,2,2,262.375,1,0,1,0
956,1,2,,0,0,21.0,0,1,0,0
957,1,3,18.0,0,0,7.8792,0,0,0,1
958,0,1,47.0,0,0,42.4,1,1,0,0
959,0,1,31.0,0,0,28.5375,1,0,1,0
960,1,1,60.0,1,4,263.0,0,1,0,0
961,1,3,24.0,0,0,7.75,0,0,0,1
962,0,3,21.0,0,0,7.8958,1,1,0,0
963,1,3,29.0,0,0,7.925,0,1,0,0
964,0,1,28.5,0,0,27.7208,1,0,1,0
965,1,1,35.0,0,0,211.5,0,0,1,0
966,0,1,32.5,0,0,211.5,1,0,1,0
967,0,3,,0,0,8.05,1,1,0,0
968,1,1,55.0,2,0,25.7,0,1,0,0
969,0,2,30.0,0,0,13.0,1,1,0,0
970,1,3,24.0,0,0,7.75,0,0,0,1
971,0,3,6.0,1,1,15.2458,1,0,1,0
972,0,1,67.0,1,0,221.7792,1,1,0,0
973,0,1,49.0,0,0,26.0,1,1,0,0
974,0,3,,0,0,7.8958,1,1,0,0
975,0,2,,0,0,10.7083,1,0,0,1
976,0,3,,1,0,14.4542,1,0,1,0
977,1,3,27.0,0,0,7.8792,0,0,0,1
978,1,3,18.0,0,0,8.05,0,1,0,0
979,1,3,,0,0,7.75,0,0,0,1
980,0,2,2.0,1,1,23.0,1,1,0,0
981,1,3,22.0,1,0,13.9,0,1,0,0
982,0,3,,0,0,7.775,1,1,0,0
983,1,1,27.0,1,2,52.0,0,1,0,0
984,0,3,,0,0,8.05,1,1,0,0
985,0,1,25.0,0,0,26.0,1,0,1,0
986,0,3,25.0,0,0,7.7958,1,1,0,0
987,1,1,76.0,1,0,78.85,0,1,0,0
988,0,3,29.0,0,0,7.925,1,1,0,0
989,1,3,20.0,0,0,7.8542,0,1,0,0
990,0,3,33.0,0,0,8.05,1,1,0,0
991,1,1,43.0,1,0,55.4417,0,0,1,0
992,0,2,27.0,1,0,26.0,1,1,0,0
993,0,3,,0,0,7.75,1,0,0,1
994,0,3,26.0,0,0,7.775,1,1,0,0
995,1,3,16.0,1,1,8.5167,0,0,1,0
996,0,3,28.0,0,0,22.525,1,1,0,0
997,0,3,21.0,0,0,7.8208,1,0,0,1
998,0,3,,0,0,7.75,1,0,0,1
999,0,3,,0,0,8.7125,1,1,0,0
1000,0,2,18.5,0,0,13.0,1,1,0,0
1001,0,2,41.0,0,0,15.0458,1,0,1,0
1002,1,3,,0,0,7.7792,0,0,0,1
1003,1,1,36.0,0,0,31.6792,0,0,1,0
1004,1,3,18.5,0,0,7.2833,0,0,0,1
1005,1,1,63.0,1,0,221.7792,0,1,0,0
1006,0,3,18.0,1,0,14.4542,1,0,1,0
1007,0,3,,0,0,6.4375,1,0,1,0
1008,1,3,1.0,1,1,16.7,0,1,0,0
1009,0,1,36.0,0,0,75.2417,1,0,1,0
1010,1,2,29.0,1,0,26.0,0,1,0,0
1011,1,2,12.0,0,0,15.75,0,1,0,0
1012,0,3,,1,0,7.75,1,0,0,1
1013,1,1,35.0,1,0,57.75,0,0,1,0
1014,0,3,28.0,0,0,7.25,1,1,0,0
1015,0,3,,0,0,7.75,1,0,0,1
1016,1,3,17.0,0,1,16.1,0,1,0,0
1017,0,3,22.0,0,0,7.7958,1,1,0,0
1018,1,3,,2,0,23.25,0,0,0,1
1019,0,2,42.0,0,0,13.0,1,1,0,0
1020,0,3,24.0,0,0,8.05,1,1,0,0
1021,0,3,32.0,0,0,8.05,1,1,0,0
1022,0,1,53.0,0,0,28.5,1,0,1,0
1023,1,3,,0,4,25.4667,0,1,0,0
1024,0,3,,1,0,6.4375,1,0,1,0
1025,0,3,43.0,0,0,7.8958,1,1,0,0
1026,0,3,24.0,0,0,7.8542,1,1,0,0
1027,0,3,26.5,0,0,7.225,1,0,1,0
1028,0,2,26.0,0,0,13.0,1,1,0,0
1029,1,3,23.0,0,0,8.05,0,1,0,0
1030,0,3,40.0,1,6,46.9,1,1,0,0
1031,1,3,10.0,5,2,46.9,0,1,0,0
1032,1,1,33.0,0,0,151.55,0,1,0,0
1033,0,1,61.0,1,3,262.375,1,0,1,0
1034,0,2,28.0,0,0,26.0,1,1,0,0
1035,0,1,42.0,0,0,26.55,1,1,0,0
1036,0,3,31.0,3,0,18.0,1,1,0,0
1037,0,1,,0,0,51.8625,1,1,0,0
1038,0,3,22.0,0,0,8.05,1,1,0,0
1039,0,1,,0,0,26.55,1,1,0,0
1040,0,2,30.0,1,1,26.0,1,1,0,0
1041,1,1,23.0,0,1,83.1583,0,0,1,0
1042,0,3,,0,0,7.8958,1,0,1,0
1043,0,3,60.5,0,0,,1,1,0,0
1044,1,3,36.0,0,2,12.1833,0,1,0,0
1045,0,3,13.0,4,2,31.3875,1,1,0,0
1046,0,3,24.0,0,0,7.55,1,1,0,0
1047,1,1,29.0,0,0,221.7792,0,1,0,0
1048,1,3,23.0,0,0,7.8542,0,1,0,0
1049,0,1,42.0,0,0,26.55,1,1,0,0
1050,1,3,26.0,0,2,13.775,0,1,0,0
1051,1,3,,0,0,7.7333,0,0,0,1
1052,0,3,7.0,1,1,15.2458,1,0,1,0
1053,1,2,26.0,0,0,13.5,0,1,0,0
1054,0,3,,0,0,7.0,1,1,0,0
1055,0,2,41.0,0,0,13.0,1,1,0,0
1056,1,3,26.0,1,1,22.025,0,1,0,0
1057,0,1,48.0,0,0,50.4958,1,0,1,0
1058,0,3,18.0,2,2,34.375,1,1,0,0
1059,1,1,,0,0,27.7208,0,0,1,0
1060,1,3,22.0,0,0,8.9625,0,1,0,0
1061,0,3,,0,0,7.55,1,1,0,0
1062,0,3,27.0,0,0,7.225,1,0,1,0
1063,0,3,23.0,1,0,13.9,1,1,0,0
1064,0,3,,0,0,7.2292,1,0,1,0
1065,0,3,40.0,1,5,31.3875,1,1,0,0
1066,1,2,15.0,0,2,39.0,0,1,0,0
1067,1,2,20.0,0,0,36.75,0,1,0,0
1068,0,1,54.0,1,0,55.4417,1,0,1,0
1069,1,2,36.0,0,3,39.0,0,1,0,0
1070,1,1,64.0,0,2,83.1583,0,0,1,0
1071,0,2,30.0,0,0,13.0,1,1,0,0
1072,0,1,37.0,1,1,83.1583,1,0,1,0
1073,1,1,18.0,1,0,53.1,0,1,0,0
1074,0,3,,0,0,7.75,1,0,0,1
1075,1,1,27.0,1,1,247.5208,0,0,1,0
1076,0,2,40.0,0,0,16.0,1,1,0,0
1077,1,2,21.0,0,1,21.0,0,1,0,0
1078,0,3,17.0,2,0,8.05,1,1,0,0
1079,1,3,,8,2,69.55,0,1,0,0
1080,0,2,40.0,0,0,13.0,1,1,0,0
1081,0,2,34.0,1,0,26.0,1,1,0,0
1082,0,1,,0,0,26.0,1,1,0,0
1083,0,3,11.5,1,1,14.5,1,1,0,0
1084,0,2,61.0,0,0,12.35,1,0,0,1
1085,0,2,8.0,0,2,32.5,1,1,0,0
1086,0,3,33.0,0,0,7.8542,1,1,0,0
1087,0,1,6.0,0,2,134.5,1,0,1,0
1088,1,3,18.0,0,0,7.775,0,1,0,0
1089,0,2,23.0,0,0,10.5,1,1,0,0
1090,1,3,,0,0,8.1125,0,1,0,0
1091,1,3,,0,0,15.5,0,0,0,1
1092,0,3,0.33,0,2,14.4,1,1,0,0
1093,0,1,47.0,1,0,227.525,1,0,1,0
1094,1,2,8.0,1,1,26.0,0,1,0,0
1095,0,2,25.0,0,0,10.5,1,1,0,0
1096,0,1,,0,0,25.7417,1,0,1,0
1097,1,3,35.0,0,0,7.75,0,0,0,1
1098,0,2,24.0,0,0,10.5,1,1,0,0
1099,1,1,33.0,0,0,27.7208,0,0,1,0
1100,0,3,25.0,0,0,7.8958,1,1,0,0
1101,0,3,32.0,0,0,22.525,1,1,0,0
1102,0,3,,0,0,7.05,1,1,0,0
1103,0,2,17.0,0,0,73.5,1,1,0,0
1104,1,2,60.0,1,0,26.0,0,1,0,0
1105,1,3,38.0,4,2,7.775,0,1,0,0
1106,0,1,42.0,0,0,42.5,1,1,0,0
1107,1,3,,0,0,7.8792,0,0,0,1
1108,0,1,57.0,1,1,164.8667,1,1,0,0
1109,1,1,50.0,1,1,211.5,0,0,1,0
1110,0,3,,0,0,8.05,1,1,0,0
1111,1,2,30.0,1,0,13.8583,0,0,1,0
1112,0,3,21.0,0,0,8.05,1,1,0,0
1113,1,2,22.0,0,0,10.5,0,1,0,0
1114,0,3,21.0,0,0,7.7958,1,1,0,0
1115,1,1,53.0,0,0,27.4458,0,0,1,0
1116,1,3,,0,2,15.2458,0,0,1,0
1117,0,3,23.0,0,0,7.7958,1,1,0,0
1118,1,3,,0,0,7.75,0,0,0,1
1119,0,3,40.5,0,0,15.1,1,1,0,0
1120,0,2,36.0,0,0,13.0,1,1,0,0
1121,0,2,14.0,0,0,65.0,1,1,0,0
1122,1,1,21.0,0,0,26.55,0,1,0,0
1123,0,3,21.0,1,0,6.4958,1,1,0,0
1124,0,3,,0,0,7.8792,1,0,0,1
1125,0,1,39.0,1,0,71.2833,1,0,1,0
1126,0,3,20.0,0,0,7.8542,1,1,0,0
1127,0,1,64.0,1,0,75.25,1,0,1,0
1128,0,3,20.0,0,0,7.225,1,0,1,0
1129,1,2,18.0,1,1,13.0,0,1,0,0
1130,1,1,48.0,1,0,106.425,0,0,1,0
1131,1,1,55.0,0,0,27.7208,0,0,1,0
1132,1,2,45.0,0,2,30.0,0,1,0,0
1133,0,1,45.0,1,1,134.5,1,0,1,0
1134,0,3,,0,0,7.8875,1,1,0,0
1135,0,3,,1,2,23.45,1,1,0,0
1136,0,1,41.0,1,0,51.8625,1,1,0,0
1137,1,2,22.0,0,0,21.0,0,1,0,0
1138,0,2,42.0,1,1,32.5,1,1,0,0
1139,1,2,29.0,1,0,26.0,0,1,0,0
1140,1,3,,1,0,14.4542,0,0,1,0
1141,1,2,0.92,1,2,27.75,0,1,0,0
1142,0,3,20.0,0,0,7.925,1,1,0,0
1143,0,1,27.0,1,0,136.7792,1,0,1,0
1144,0,3,24.0,0,0,9.325,1,1,0,0
1145,0,3,32.5,0,0,9.5,1,1,0,0
1146,0,3,,0,0,7.55,1,1,0,0
1147,0,3,,0,0,7.75,1,0,0,1
1148,0,3,28.0,0,0,8.05,1,1,0,0
1149,1,2,19.0,0,0,13.0,0,1,0,0
1150,0,3,21.0,0,0,7.775,1,1,0,0
1151,0,3,36.5,1,0,17.4,1,1,0,0
1152,0,3,21.0,0,0,7.8542,1,1,0,0
1153,1,2,29.0,0,2,23.0,0,1,0,0
1154,1,3,1.0,1,1,12.1833,0,1,0,0
1155,0,2,30.0,0,0,12.7375,1,0,1,0
1156,0,3,,0,0,7.8958,1,1,0,0
1157,0,1,,0,0,0.0,1,1,0,0
1158,0,3,,0,0,7.55,1,1,0,0
1159,1,3,,0,0,8.05,0,1,0,0
1160,0,3,17.0,0,0,8.6625,1,1,0,0
1161,0,1,46.0,0,0,75.2417,1,0,1,0
1162,0,3,,0,0,7.75,1,0,0,1
1163,1,1,26.0,1,0,136.7792,0,0,1,0
1164,1,3,,1,0,15.5,0,0,0,1
1165,0,3,,0,0,7.225,1,0,1,0
1166,1,2,20.0,1,0,26.0,0,1,0,0
1167,0,2,28.0,0,0,10.5,1,1,0,0
1168,0,2,40.0,1,0,26.0,1,1,0,0
1169,0,2,30.0,1,0,21.0,1,1,0,0
1170,0,2,22.0,0,0,10.5,1,1,0,0
1171,1,3,23.0,0,0,8.6625,0,1,0,0
1172,0,3,0.75,1,1,13.775,1,1,0,0
1173,1,3,,0,0,7.75,0,0,0,1
1174,1,3,9.0,1,1,15.2458,0,0,1,0
1175,1,3,2.0,1,1,20.2125,0,1,0,0
1176,0,3,36.0,0,0,7.25,1,1,0,0
1177,0,3,,0,0,7.25,1,1,0,0
1178,0,1,24.0,1,0,82.2667,1,1,0,0
1179,0,3,,0,0,7.2292,1,0,1,0
1180,0,3,,0,0,8.05,1,1,0,0
1181,0,1,,0,0,39.6,1,1,0,0
1182,1,3,30.0,0,0,6.95,0,0,0,1
1183,0,3,,0,0,7.2292,1,0,1,0
1184,0,1,53.0,1,1,81.8583,1,1,0,0
1185,0,3,36.0,0,0,9.5,1,1,0,0
1186,0,3,26.0,0,0,7.8958,1,1,0,0
1187,1,2,1.0,1,2,41.5792,0,0,1,0
1188,0,3,,2,0,21.6792,1,0,1,0
1189,0,1,30.0,0,0,45.5,1,1,0,0
1190,0,3,29.0,0,0,7.8542,1,1,0,0
1191,0,3,32.0,0,0,7.775,1,1,0,0
1192,0,2,,0,0,15.0458,1,0,1,0
1193,0,2,43.0,0,1,21.0,1,1,0,0
1194,0,3,24.0,0,0,8.6625,1,1,0,0
1195,1,3,,0,0,7.75,0,0,0,1
1196,1,1,64.0,1,1,26.55,0,1,0,0
1197,0,1,30.0,1,2,151.55,1,1,0,0
1198,0,3,0.83,0,1,9.35,1,1,0,0
1199,0,1,55.0,1,1,93.5,1,1,0,0
1200,1,3,45.0,1,0,14.1083,0,1,0,0
1201,0,3,18.0,0,0,8.6625,1,1,0,0
1202,0,3,22.0,0,0,7.225,1,0,1,0
1203,0,3,,0,0,7.575,1,1,0,0
1204,1,3,37.0,0,0,7.75,0,0,0,1
1205,1,1,55.0,0,0,135.6333,0,0,1,0
1206,1,3,17.0,0,0,7.7333,0,0,0,1
1207,0,1,57.0,1,0,146.5208,1,0,1,0
1208,0,2,19.0,0,0,10.5,1,1,0,0
1209,0,3,27.0,0,0,7.8542,1,1,0,0
1210,0,2,22.0,2,0,31.5,1,1,0,0
1211,0,3,26.0,0,0,7.775,1,1,0,0
1212,0,3,25.0,0,0,7.2292,1,0,1,0
1213,0,2,26.0,0,0,13.0,1,1,0,0
1214,0,1,33.0,0,0,26.55,1,1,0,0
1215,1,1,39.0,0,0,211.3375,0,1,0,0
1216,0,3,23.0,0,0,7.05,1,1,0,0
1217,1,2,12.0,2,1,39.0,0,1,0,0
1218,0,1,46.0,0,0,79.2,1,0,1,0
1219,0,2,29.0,1,0,26.0,1,1,0,0
1220,0,2,21.0,0,0,13.0,1,1,0,0
1221,1,2,48.0,0,2,36.75,0,1,0,0
1222,0,1,39.0,0,0,29.7,1,0,1,0
1223,0,3,,0,0,7.225,1,0,1,0
1224,1,3,19.0,1,1,15.7417,0,0,1,0
1225,0,3,27.0,0,0,7.8958,1,1,0,0
1226,0,1,30.0,0,0,26.0,1,1,0,0
1227,0,2,32.0,0,0,13.0,1,1,0,0
1228,0,3,39.0,0,2,7.2292,1,0,1,0
1229,0,2,25.0,0,0,31.5,1,1,0,0
1230,0,3,,0,0,7.2292,1,0,1,0
1231,0,2,18.0,0,0,10.5,1,1,0,0
1232,0,3,32.0,0,0,7.5792,1,1,0,0
1233,0,3,,1,9,69.55,1,1,0,0
1234,1,1,58.0,0,1,512.3292,0,0,1,0
1235,0,3,,1,1,14.5,1,1,0,0
1236,1,3,16.0,0,0,7.65,0,1,0,0
1237,0,2,26.0,0,0,13.0,1,1,0,0
1238,1,3,38.0,0,0,7.2292,0,0,1,0
1239,0,2,24.0,0,0,13.5,1,1,0,0
1240,1,2,31.0,0,0,21.0,0,1,0,0
1241,1,1,45.0,0,1,63.3583,0,0,1,0
1242,0,2,25.0,0,0,10.5,1,1,0,0
1243,0,2,18.0,0,0,73.5,1,1,0,0
1244,0,2,49.0,1,2,65.0,1,1,0,0
1245,1,3,0.17,1,2,20.575,0,1,0,0
1246,0,1,50.0,0,0,26.0,1,1,0,0
1247,1,1,59.0,2,0,51.4792,0,1,0,0
1248,0,3,,0,0,7.8792,1,1,0,0
1249,0,3,,0,0,7.75,1,0,0,1
1250,1,3,30.0,1,0,15.55,0,1,0,0
1251,0,3,14.5,8,2,69.55,1,1,0,0
1252,1,2,24.0,1,1,37.0042,0,0,1,0
1253,1,2,31.0,0,0,21.0,0,1,0,0
1254,0,3,27.0,0,0,8.6625,1,1,0,0
1255,1,1,25.0,1,0,55.4417,0,0,1,0
1256,1,3,,1,9,69.55,0,1,0,0
1257,0,3,,1,0,14.4583,1,0,1,0
1258,1,3,22.0,0,0,39.6875,0,1,0,0
1259,1,1,45.0,0,1,59.4,0,0,1,0
1260,0,2,29.0,0,0,13.8583,1,0,1,0
1261,0,2,21.0,1,0,11.5,1,1,0,0
1262,1,1,31.0,0,0,134.5,0,0,1,0
1263,0,1,49.0,0,0,0.0,1,1,0,0
1264,0,2,44.0,0,0,13.0,1,1,0,0
1265,1,1,54.0,1,1,81.8583,0,1,0,0
1266,1,1,45.0,0,0,262.375,0,0,1,0
1267,1,3,22.0,2,0,8.6625,0,1,0,0
1268,0,2,21.0,0,0,11.5,1,1,0,0
1269,0,1,55.0,0,0,50.0,1,1,0,0
1270,0,3,5.0,4,2,31.3875,1,1,0,0
1271,0,3,,0,0,7.75,1,0,0,1
1272,0,3,26.0,0,0,7.8792,1,0,0,1
1273,1,3,,0,0,14.5,0,1,0,0
1274,1,3,19.0,1,0,16.1,0,1,0,0
1275,0,2,,0,0,12.875,1,1,0,0
1276,1,2,24.0,1,2,65.0,0,1,0,0
1277,0,3,24.0,0,0,7.775,1,1,0,0
1278,0,2,57.0,0,0,13.0,1,1,0,0
1279,0,3,21.0,0,0,7.75,1,0,0,1
1280,0,3,6.0,3,1,21.075,1,1,0,0
1281,0,1,23.0,0,0,93.5,1,1,0,0
1282,1,1,51.0,0,1,39.4,0,1,0,0
1283,0,3,13.0,0,2,20.25,1,1,0,0
1284,0,2,47.0,0,0,10.5,1,1,0,0
1285,0,3,29.0,3,1,22.025,1,1,0,0
1286,1,1,18.0,1,0,60.0,0,1,0,0
1287,0,3,24.0,0,0,7.25,1,0,0,1
1288,1,1,48.0,1,1,79.2,0,0,1,0
1289,0,3,22.0,0,0,7.775,1,1,0,0
1290,0,3,31.0,0,0,7.7333,1,0,0,1
1291,1,1,30.0,0,0,164.8667,0,1,0,0
1292,0,2,38.0,1,0,21.0,1,1,0,0
1293,1,1,22.0,0,1,59.4,0,0,1,0
1294,0,1,17.0,0,0,47.1,1,1,0,0
1295,0,1,43.0,1,0,27.7208,1,0,1,0
1296,0,2,20.0,0,0,13.8625,1,0,1,0
1297,0,2,23.0,1,0,10.5,1,1,0,0
1298,0,1,50.0,1,1,211.5,1,0,1,0
1299,1,3,,0,0,7.7208,0,0,0,1
1300,1,3,3.0,1,1,13.775,0,1,0,0
1301,1,3,,0,0,7.75,0,0,0,1
1302,1,1,37.0,1,0,90.0,0,0,0,1
1303,1,3,28.0,0,0,7.775,0,1,0,0
1304,0,3,,0,0,8.05,1,1,0,0
1305,1,1,39.0,0,0,108.9,0,0,1,0
1306,0,3,38.5,0,0,7.25,1,1,0,0
1307,0,3,,0,0,8.05,1,1,0,0
1308,0,3,,1,1,22.3583,1,0,1,0
